{
"collegename": "Lambton College",
"city" : "Toronto",
"names": [
{
"firstName": "Anirudh",
"lastName" : "Vallampatla"
},
{
"firstName": "Meghana",
"lastName" : "Kondaveeti"
},
{
"firstName": "Srikanth",
"lastName" : "Yarram"
},
{
"firstName": "Vishal",
"lastName" : "Kumar"
},
{
"firstName": "Yamini",
"lastName" : "Rathod"
}
],

"address": [
{
"street": "Queen St",
"city": "Toronto",
"state": "ON"
},
{
"street": "Kennedy Rd",
"city": "Montreal",
"state": "QB"
},
{
"street": "Marks Rd",
"city": "Toronto",
"state": "ON"
},
{
"street": "Kings St",
"city": "Waterloo",
"state": "ON"
},
{
"street": "Colton Circle",
"city": "Kitchener",
"state": "ON"
}
],

"score": [
{
"subject1": "95",
"subject2": "92",
"subject3": "80",
"subject4": "75",
"subject5": "82"
},
{
"subject1": "92",
"subject2": "74",
"subject3": "84",
"subject4": "87",
"subject5": "95"
},
{
"subject1": "95",
"subject2": "78",
"subject3": "85",
"subject4": "75",
"subject5": "85"
},
{
"subject1": "95",
"subject2": "92",
"subject3": "80",
"subject4": "71",
"subject5": "82"
},
{
"subject1": "95",
"subject2": "92",
"subject3": "90",
"subject4": "95",
"subject5": "98"
}
],

"phone": [
{
"no": "5845155852"
},
{
"no": "9996694815"
},
{
"no": "9269592648"
},
{
"no": "6294981526"
},
{
"no": "5194599595"
}
],
"base": "30",
"height" : "20",
"side" : "5"

}